timestamp,user_email,log_type,action,details,status,failure_reason
"2025-09-22 22:09:30",john.doe@plmun.edu.ph,system_action,database_backup_created,"Database backup created successfully: backup_2025-09-22_16-09-30.sql",Success,
"2025-09-22 22:05:17",john.doe@plmun.edu.ph,system_action,database_backup_created,"Database backup created successfully: backup_2025-09-22_16-05-17.sql",Success,
"2025-09-20 20:29:07",john.doe@plmun.edu.ph,login,"Super admin logged in",,Success,
"2025-09-20 20:29:07",jane.smith@plmun.edu.ph,create_course,"MIS Admin created a new course",,Success,
"2025-09-20 20:29:07",alice.johnson@plmun.edu.ph,grade_submission,"Professor graded student submission",,Success,
"2025-09-20 20:29:07",charlie.pogi@plmun.edu.ph,view_grades,"Student viewed their grades",,Success,
"2025-09-20 20:29:07",john.doe@plmun.edu.ph,system_backup,"System backup completed successfully",,Success,
"2025-09-20 20:29:06",john.doe@plmun.edu.ph,login,"Super admin logged in",,Success,
"2025-09-20 20:29:06",jane.smith@plmun.edu.ph,create_course,"MIS Admin created a new course",,Success,
"2025-09-20 20:29:06",alice.johnson@plmun.edu.ph,grade_submission,"Professor graded student submission",,Success,
"2025-09-20 20:29:06",charlie.pogi@plmun.edu.ph,view_grades,"Student viewed their grades",,Success,
"2025-09-20 20:29:06",john.doe@plmun.edu.ph,system_backup,"System backup completed successfully",,Success,
timestamp,user_email,log_type,action,details,status,failure_reason
"2025-09-22 22:09:30",john.doe@plmun.edu.ph,system_action,database_backup_created,"Database backup created successfully: backup_2025-09-22_16-09-30.sql",Success,
"2025-09-22 22:05:17",john.doe@plmun.edu.ph,system_action,database_backup_created,"Database backup created successfully: backup_2025-09-22_16-05-17.sql",Success,
"2025-09-20 20:29:07",john.doe@plmun.edu.ph,login,"Super admin logged in",,Success,
"2025-09-20 20:29:07",jane.smith@plmun.edu.ph,create_course,"MIS Admin created a new course",,Success,
"2025-09-20 20:29:07",alice.johnson@plmun.edu.ph,grade_submission,"Professor graded student submission",,Success,
"2025-09-20 20:29:07",charlie.pogi@plmun.edu.ph,view_grades,"Student viewed their grades",,Success,
"2025-09-20 20:29:07",john.doe@plmun.edu.ph,system_backup,"System backup completed successfully",,Success,
"2025-09-20 20:29:06",john.doe@plmun.edu.ph,login,"Super admin logged in",,Success,
"2025-09-20 20:29:06",jane.smith@plmun.edu.ph,create_course,"MIS Admin created a new course",,Success,
"2025-09-20 20:29:06",alice.johnson@plmun.edu.ph,grade_submission,"Professor graded student submission",,Success,
"2025-09-20 20:29:06",charlie.pogi@plmun.edu.ph,view_grades,"Student viewed their grades",,Success,
"2025-09-20 20:29:06",john.doe@plmun.edu.ph,system_backup,"System backup completed successfully",,Success,
timestamp,user_email,log_type,action,details,status,failure_reason
"2025-09-22 22:09:30",john.doe@plmun.edu.ph,system_action,database_backup_created,"Database backup created successfully: backup_2025-09-22_16-09-30.sql",Success,
"2025-09-22 22:05:17",john.doe@plmun.edu.ph,system_action,database_backup_created,"Database backup created successfully: backup_2025-09-22_16-05-17.sql",Success,
"2025-09-20 20:29:07",john.doe@plmun.edu.ph,login,"Super admin logged in",,Success,
"2025-09-20 20:29:07",jane.smith@plmun.edu.ph,create_course,"MIS Admin created a new course",,Success,
"2025-09-20 20:29:07",alice.johnson@plmun.edu.ph,grade_submission,"Professor graded student submission",,Success,
"2025-09-20 20:29:07",charlie.pogi@plmun.edu.ph,view_grades,"Student viewed their grades",,Success,
"2025-09-20 20:29:07",john.doe@plmun.edu.ph,system_backup,"System backup completed successfully",,Success,
"2025-09-20 20:29:06",john.doe@plmun.edu.ph,login,"Super admin logged in",,Success,
"2025-09-20 20:29:06",jane.smith@plmun.edu.ph,create_course,"MIS Admin created a new course",,Success,
"2025-09-20 20:29:06",alice.johnson@plmun.edu.ph,grade_submission,"Professor graded student submission",,Success,
"2025-09-20 20:29:06",charlie.pogi@plmun.edu.ph,view_grades,"Student viewed their grades",,Success,
"2025-09-20 20:29:06",john.doe@plmun.edu.ph,system_backup,"System backup completed successfully",,Success,
"2025-09-22 16:33:09",john.doe@plmun.edu.ph,permission_change,user_deactivated,"""User 'Alice Johnson' (ID: 3, Email: alice.johnson@plmun.edu.ph) was deactivated by Super Admin""",Success,
"2025-09-22 16:33:09",john.doe@plmun.edu.ph,permission_change,user_activated,"""User 'Alice Johnson' (ID: 3, Email: alice.johnson@plmun.edu.ph) was activated by Super Admin""",Success,
"2025-09-22 16:33:09",john.doe@plmun.edu.ph,data_modification,user_updated,"User 'Alice Johnson (Updated)' (ID: 3) was updated by Super Admin. Changes: name: 'Alice Johnson' → 'Alice Johnson (Updated)'",Success,
"2025-09-22 16:33:09",john.doe@plmun.edu.ph,data_modification,user_updated,"User 'Unknown' (ID: 99999) was updated by Super Admin. Changes: No changes detected",Success,
"2025-09-22 16:40:34",john.doe@plmun.edu.ph,permission_change,user_deactivated,"""User 'Alice Johnson (Updated)' (ID: 3, Email: alice.johnson@plmun.edu.ph) was deactivated by Super Admin""",Success,
"2025-09-22 16:40:34",john.doe@plmun.edu.ph,permission_change,user_activated,"""User 'Alice Johnson (Updated)' (ID: 3, Email: alice.johnson@plmun.edu.ph) was activated by Super Admin""",Success,
"2025-09-22 16:40:35",john.doe@plmun.edu.ph,data_modification,user_updated,"User 'Alice Johnson (Updated) (Updated)' (ID: 3) was updated by Super Admin. Changes: name: 'Alice Johnson (Updated)' → 'Alice Johnson (Updated) (Updated)'",Success,
"2025-09-22 16:40:35",john.doe@plmun.edu.ph,data_modification,user_updated,"User 'Unknown' (ID: 99999) was updated by Super Admin. Changes: No changes detected",Success,
"2025-09-22 16:43:25",john.doe@plmun.edu.ph,permission_change,user_deactivated,"""User 'Alice Johnson (Updated) (Updated)' (ID: 3, Email: alice.johnson@plmun.edu.ph) was deactivated by Super Admin""",Success,
"2025-09-22 16:43:25",john.doe@plmun.edu.ph,permission_change,user_activated,"""User 'Alice Johnson (Updated) (Updated)' (ID: 3, Email: alice.johnson@plmun.edu.ph) was activated by Super Admin""",Success,
"2025-09-22 16:43:25",john.doe@plmun.edu.ph,data_modification,user_updated,"User 'Alice Johnson (Updated) (Updated) (Updated)' (ID: 3) was updated by Super Admin. Changes: name: 'Alice Johnson (Updated) (Updated)' → 'Alice Johnson (Updated) (Updated) (Updated)'",Success,
"2025-09-22 16:43:25",john.doe@plmun.edu.ph,data_modification,user_update_failed,"Failed to update user ID 99999 - User does not exist",Failed,"User not found in database"
"2025-09-22 16:48:00",john.doe@plmun.edu.ph,data_modification,user_updated,"User 'Alice Johnson' (ID: 3) was updated by Super Admin. Changes: name: 'Alice Johnson (Updated) (Updated) (Updated)' → 'Alice Johnson'",Success,
"2025-09-22 16:48:28",john.doe@plmun.edu.ph,permission_change,user_deactivated,"""User 'Charlie Pogi' (ID: 6, Email: charlie.pogi@plmun.edu.ph) was deactivated by Super Admin""",Success,
"2025-09-22 16:58:09",john.doe@plmun.edu.ph,data_modification,user_updated,"""User 'Updated Test User' (ID: 11) was updated by Super Admin. Changes: name: 'Test User' → 'Updated Test User', email: 'test@example.com' → 'updated@example.com', role: 'Professor' → 'Student'""",Success,
"2025-09-22 16:58:09",john.doe@plmun.edu.ph,account_lifecycle,user_deleted,"""User 'User to Delete' (ID: 12, Email: delete@example.com) was permanently deleted by Super Admin""",Success,
"2025-09-22 16:58:09",john.doe@plmun.edu.ph,system_action,database_backup_created,"Database backup created successfully: backup_2025-09-22_16-58-09.sql",Success,
"2025-09-22 16:58:09",john.doe@plmun.edu.ph,data_modification,user_update_failed,"Failed to update user ID 999999 - User does not exist",Failed,"User not found in database"
"2025-09-22 16:58:09",john.doe@plmun.edu.ph,account_lifecycle,user_deleted,"""User 'Unknown' (ID: 999999, Email: Unknown) was permanently deleted by Super Admin""",Success,
"2025-09-22 17:06:30",john.doe@plmun.edu.ph,data_modification,user_updated,"""User 'Updated Test User' (ID: 13) was updated by Super Admin. Changes: name: 'Test User' → 'Updated Test User', email: 'test@example.com' → 'updated@example.com', role: 'Professor' → 'Student'""",Success,
"2025-09-22 17:06:30",john.doe@plmun.edu.ph,account_lifecycle,user_deleted,"""User 'User to Delete' (ID: 14, Email: delete@example.com) was permanently deleted by Super Admin""",Success,
"2025-09-22 17:06:31",john.doe@plmun.edu.ph,system_action,database_backup_created,"Database backup created successfully: backup_2025-09-22_17-06-30.sql",Success,
"2025-09-22 17:06:31",john.doe@plmun.edu.ph,data_modification,user_update_failed,"Failed to update user ID 999999 - User does not exist",Failed,"User not found in database"
"2025-09-22 17:06:31",john.doe@plmun.edu.ph,account_lifecycle,user_deleted,"""User 'Unknown' (ID: 999999, Email: Unknown) was permanently deleted by Super Admin""",Success,
"2025-09-22 17:08:30",john.doe@plmun.edu.ph,data_modification,user_update_failed,"Failed to update user ID 999999 - User does not exist",Failed,"User not found in database"
"2025-09-22 17:09:08",john.doe@plmun.edu.ph,data_modification,user_update_failed,"Failed to update user ID 999999 - User does not exist",Failed,"User not found in database"
"2025-09-22 17:09:15",john.doe@plmun.edu.ph,data_modification,user_updated,"""User 'Updated Test User' (ID: 15) was updated by Super Admin. Changes: name: 'Test User' → 'Updated Test User', email: 'test@example.com' → 'updated@example.com', role: 'Professor' → 'Student'""",Success,
"2025-09-22 17:09:15",john.doe@plmun.edu.ph,account_lifecycle,user_deleted,"""User 'User to Delete' (ID: 16, Email: delete@example.com) was permanently deleted by Super Admin""",Success,
"2025-09-22 17:09:15",john.doe@plmun.edu.ph,system_action,database_backup_created,"Database backup created successfully: backup_2025-09-22_17-09-15.sql",Success,
"2025-09-22 17:09:15",john.doe@plmun.edu.ph,data_modification,user_update_failed,"Failed to update user ID 999999 - User does not exist",Failed,"User not found in database"
"2025-09-22 17:09:15",john.doe@plmun.edu.ph,account_lifecycle,user_deleted,"""User 'Unknown' (ID: 999999, Email: Unknown) was permanently deleted by Super Admin""",Success,
"2025-09-22 17:09:56",john.doe@plmun.edu.ph,data_modification,user_updated,"""User 'Updated Test User' (ID: 17) was updated by Super Admin. Changes: name: 'Test User' → 'Updated Test User', email: 'test@example.com' → 'updated@example.com', role: 'Professor' → 'Student'""",Success,
"2025-09-22 17:09:56",john.doe@plmun.edu.ph,account_lifecycle,user_deleted,"""User 'User to Delete' (ID: 18, Email: delete@example.com) was permanently deleted by Super Admin""",Success,
"2025-09-22 17:09:56",john.doe@plmun.edu.ph,system_action,database_backup_created,"Database backup created successfully: backup_2025-09-22_17-09-56.sql",Success,
"2025-09-22 17:09:56",john.doe@plmun.edu.ph,data_modification,user_update_failed,"Failed to update user ID 999999 - User does not exist",Failed,"User not found in database"
"2025-09-22 17:09:56",john.doe@plmun.edu.ph,account_lifecycle,user_deletion_failed,"Failed to delete user ID 999999 - User does not exist",Failed,"User not found in database"
"2025-09-22 17:12:54",john.doe@plmun.edu.ph,data_modification,user_updated,"""User 'Updated Test User' (ID: 19) was updated by Super Admin. Changes: name: 'Test User' → 'Updated Test User', email: 'test@example.com' → 'updated@example.com', role: 'Professor' → 'Student'""",Success,
"2025-09-22 17:12:54",john.doe@plmun.edu.ph,account_lifecycle,user_deleted,"""User 'User to Delete' (ID: 20, Email: delete@example.com) was permanently deleted by Super Admin""",Success,
"2025-09-22 17:12:54",john.doe@plmun.edu.ph,system_action,database_backup_created,"Database backup created successfully: backup_2025-09-22_17-12-54.sql",Success,
"2025-09-22 17:12:54",john.doe@plmun.edu.ph,data_modification,user_update_failed,"Failed to update user ID 999999 - User does not exist",Failed,"User not found in database"
"2025-09-22 17:12:54",john.doe@plmun.edu.ph,account_lifecycle,user_deletion_failed,"Failed to delete user ID 999999 - User does not exist",Failed,"User not found in database"
